CREATE TABLE IF NOT EXISTS teams (
    id INTEGER PRIMARY KEY AUTOINCREMENT,
    name TEXT NOT NULL UNIQUE,
    name_normalised TEXT NOT NULL UNIQUE,
    fifa_code TEXT NOT NULL UNIQUE,
    flag_icon TEXT NOT NULL,
    group_name TEXT NOT NULL,
    continent TEXT NOT NULL,
    confed TEXT NOT NULL
);

CREATE TABLE IF NOT EXISTS stadiums (
    name TEXT PRIMARY KEY,
    city TEXT NOT NULL,
    timezone TEXT NOT NULL,
    cc TEXT NOT NULL,
    capacity INTEGER NOT NULL,
    coords TEXT NOT NULL
);

CREATE TABLE IF NOT EXISTS matches (
    id INTEGER PRIMARY KEY,
    round TEXT NOT NULL,
    date TEXT NOT NULL,
    time_str TEXT NOT NULL,
    kickoff_utc INTEGER NOT NULL,
    team1_name TEXT NOT NULL,
    team2_name TEXT NOT NULL,
    score_team1 INTEGER DEFAULT NULL,
    score_team2 INTEGER DEFAULT NULL,
    score_pen_team1 INTEGER DEFAULT NULL,
    score_pen_team2 INTEGER DEFAULT NULL,
    status TEXT NOT NULL,
    ground TEXT NOT NULL,
    last_updated INTEGER DEFAULT NULL,
    FOREIGN KEY(team1_name) REFERENCES teams(name),
    FOREIGN KEY(team2_name) REFERENCES teams(name),
    FOREIGN KEY(ground) REFERENCES stadiums(name)
);

CREATE TABLE IF NOT EXISTS match_events (
    id TEXT PRIMARY KEY,
    match_id INTEGER NOT NULL,
    type TEXT NOT NULL,
    minute INTEGER NOT NULL,
    player_name TEXT NOT NULL,
    team_name TEXT NOT NULL,
    detail TEXT,
    created_at INTEGER NOT NULL,
    FOREIGN KEY(match_id) REFERENCES matches(id)
);

CREATE TABLE IF NOT EXISTS standings (
    group_name TEXT NOT NULL,
    team_name TEXT NOT NULL,
    played INTEGER DEFAULT 0,
    wins INTEGER DEFAULT 0,
    draws INTEGER DEFAULT 0,
    losses INTEGER DEFAULT 0,
    goals_for INTEGER DEFAULT 0,
    goals_against INTEGER DEFAULT 0,
    goal_difference INTEGER DEFAULT 0,
    points INTEGER DEFAULT 0,
    PRIMARY KEY (group_name, team_name),
    FOREIGN KEY(team_name) REFERENCES teams(name)
);

CREATE TABLE IF NOT EXISTS top_scorers (
    player_name TEXT PRIMARY KEY,
    team_name TEXT NOT NULL,
    goals INTEGER DEFAULT 0,
    assists INTEGER DEFAULT 0,
    FOREIGN KEY(team_name) REFERENCES teams(name)
);

CREATE TABLE IF NOT EXISTS subscriptions (
    chat_id INTEGER PRIMARY KEY,
    chat_type TEXT NOT NULL,
    chat_title TEXT,
    subscribed_at INTEGER NOT NULL,
    is_active INTEGER DEFAULT 1
);

CREATE TABLE IF NOT EXISTS sent_notifications (
    id TEXT PRIMARY KEY,
    sent_at INTEGER NOT NULL
);


INSERT INTO teams (name, name_normalised, fifa_code, flag_icon, group_name, continent, confed) VALUES
('Mexico', 'Mexico', 'MEX', 'рџ‡Ірџ‡Ѕ', 'A', 'North America', 'CONCACAF'),
('South Africa', 'South Africa', 'RSA', 'рџ‡їрџ‡¦', 'A', 'Africa', 'CAF'),
('South Korea', 'Korea Republic', 'KOR', 'рџ‡°рџ‡·', 'A', 'Asia', 'AFC'),
('Czech Republic', 'Czechia', 'CZE', 'рџ‡Ёрџ‡ї', 'A', 'Europe', 'UEFA'),
('Canada', 'Canada', 'CAN', 'рџ‡Ёрџ‡¦', 'B', 'North America', 'CONCACAF'),
('Bosnia & Herzegovina', 'Bosnia & Herzegovina', 'BIH', 'рџ‡§рџ‡¦', 'B', 'Europe', 'UEFA'),
('Qatar', 'Qatar', 'QAT', 'рџ‡¶рџ‡¦', 'B', 'Asia', 'AFC'),
('Switzerland', 'Switzerland', 'SUI', 'рџ‡Ёрџ‡­', 'B', 'Europe', 'UEFA'),
('Brazil', 'Brazil', 'BRA', 'рџ‡§рџ‡·', 'C', 'South America', 'CONMEBOL'),
('Morocco', 'Morocco', 'MAR', 'рџ‡Ірџ‡¦', 'C', 'Africa', 'CAF'),
('Haiti', 'Haiti', 'HAI', 'рџ‡­рџ‡№', 'C', 'North America', 'CONCACAF'),
('Scotland', 'Scotland', 'SCO', 'рџЏґу Ѓ§у Ѓўу Ѓіу ЃЈу Ѓґу Ѓї', 'C', 'Europe', 'UEFA'),
('USA', 'United States', 'USA', 'рџ‡єрџ‡ё', 'D', 'North America', 'CONCACAF'),
('Paraguay', 'Paraguay', 'PAR', 'рџ‡µрџ‡ѕ', 'D', 'South America', 'CONMEBOL'),
('Australia', 'Australia', 'AUS', 'рџ‡¦рџ‡є', 'D', 'Oceania', 'AFC'),
('Turkey', 'TГјrkiye', 'TUR', 'рџ‡№рџ‡·', 'D', 'Europe', 'UEFA'),
('Germany', 'Germany', 'GER', 'рџ‡©рџ‡Є', 'E', 'Europe', 'UEFA'),
('CuraГ§ao', 'CuraГ§ao', 'CUW', 'рџ‡Ёрџ‡ј', 'E', 'North America', 'CONCACAF'),
('Ivory Coast', 'Cote d''Ivoire', 'CIV', 'рџ‡Ёрџ‡®', 'E', 'Africa', 'CAF'),
('Ecuador', 'Ecuador', 'ECU', 'рџ‡Єрџ‡Ё', 'E', 'South America', 'CONMEBOL'),
('Netherlands', 'Netherlands', 'NED', 'рџ‡ірџ‡±', 'F', 'Europe', 'UEFA'),
('Japan', 'Japan', 'JPN', 'рџ‡Їрџ‡µ', 'F', 'Asia', 'AFC'),
('Sweden', 'Sweden', 'SWE', 'рџ‡ёрџ‡Є', 'F', 'Europe', 'UEFA'),
('Tunisia', 'Tunisia', 'TUN', 'рџ‡№рџ‡і', 'F', 'Africa', 'CAF'),
('Belgium', 'Belgium', 'BEL', 'рџ‡§рџ‡Є', 'G', 'Europe', 'UEFA'),
('Egypt', 'Egypt', 'EGY', 'рџ‡Єрџ‡¬', 'G', 'Africa', 'CAF'),
('Iran', 'IR Iran', 'IRN', 'рџ‡®рџ‡·', 'G', 'Asia', 'AFC'),
('New Zealand', 'New Zealand', 'NZL', 'рџ‡ірџ‡ї', 'G', 'Oceania', 'OFC'),
('Spain', 'Spain', 'ESP', 'рџ‡Єрџ‡ё', 'H', 'Europe', 'UEFA'),
('Cape Verde', 'Cabo Verde', 'CPV', 'рџ‡Ёрџ‡»', 'H', 'Africa', 'CAF'),
('Saudi Arabia', 'Saudi Arabia', 'KSA', 'рџ‡ёрџ‡¦', 'H', 'Asia', 'AFC'),
('Uruguay', 'Uruguay', 'URU', 'рџ‡єрџ‡ѕ', 'H', 'South America', 'CONMEBOL'),
('France', 'France', 'FRA', 'рџ‡«рџ‡·', 'I', 'Europe', 'UEFA'),
('Senegal', 'Senegal', 'SEN', 'рџ‡ёрџ‡і', 'I', 'Africa', 'CAF'),
('Iraq', 'Iraq', 'IRQ', 'рџ‡®рџ‡¶', 'I', 'Asia', 'AFC'),
('Norway', 'Norway', 'NOR', 'рџ‡ірџ‡ґ', 'I', 'Europe', 'UEFA'),
('Argentina', 'Argentina', 'ARG', 'рџ‡¦рџ‡·', 'J', 'South America', 'CONMEBOL'),
('Algeria', 'Algeria', 'ALG', 'рџ‡©рџ‡ї', 'J', 'Africa', 'CAF'),
('Austria', 'Austria', 'AUT', 'рџ‡¦рџ‡№', 'J', 'Europe', 'UEFA'),
('Jordan', 'Jordan', 'JOR', 'рџ‡Їрџ‡ґ', 'J', 'Asia', 'AFC'),
('Portugal', 'Portugal', 'POR', 'рџ‡µрџ‡№', 'K', 'Europe', 'UEFA'),
('DR Congo', 'Congo DR', 'COD', 'рџ‡Ёрџ‡©', 'K', 'Africa', 'CAF'),
('Uzbekistan', 'Uzbekistan', 'UZB', 'рџ‡єрџ‡ї', 'K', 'Asia', 'AFC'),
('Colombia', 'Colombia', 'COL', 'рџ‡Ёрџ‡ґ', 'K', 'South America', 'CONMEBOL'),
('England', 'England', 'ENG', 'рџЏґу Ѓ§у Ѓўу ЃҐу Ѓ®у Ѓ§у Ѓї', 'L', 'Europe', 'UEFA'),
('Croatia', 'Croatia', 'CRO', 'рџ‡­рџ‡·', 'L', 'Europe', 'UEFA'),
('Ghana', 'Ghana', 'GHA', 'рџ‡¬рџ‡­', 'L', 'Africa', 'CAF'),
('Panama', 'Panama', 'PAN', 'рџ‡µрџ‡¦', 'L', 'North America', 'CONCACAF') ON CONFLICT DO NOTHING;

INSERT INTO stadiums (name, city, timezone, cc, capacity, coords) VALUES
('BC Place', 'Vancouver', 'UTC-7', 'ca', 54000, '49В°16''36"N 123В°6''43"W'),
('Lumen Field', 'Seattle', 'UTC-7', 'us', 69000, '47В°35''43"N 122В°19''54"W'),
('Levi''s Stadium', 'San Francisco Bay Area (Santa Clara)', 'UTC-7', 'us', 71000, '37.403В°N 121.970В°W'),
('SoFi Stadium', 'Los Angeles (Inglewood)', 'UTC-7', 'us', 70000, '33.953В°N 118.339В°W'),
('Estadio Akron', 'Guadalajara (Zapopan)', 'UTC-6', 'mx', 48000, '20В°40''54"N 103В°27''46"W'),
('Estadio Azteca', 'Mexico City', 'UTC-6', 'mx', 83000, '19В°18''11"N 99В°09''02"W'),
('Estadio BBVA', 'Monterrey (Guadalupe)', 'UTC-6', 'mx', 53500, '25В°40''9"N 100В°14''40"W'),
('NRG Stadium', 'Houston', 'UTC-5', 'us', 72000, '29В°41''5"N 95В°24''39"W'),
('AT&T Stadium', 'Dallas (Arlington)', 'UTC-5', 'us', 94000, '32В°44''52"N 97В°5''34"W'),
('Arrowhead Stadium', 'Kansas City', 'UTC-5', 'us', 73000, '39В°2''56"N 94В°29''2"W'),
('Mercedes-Benz Stadium', 'Atlanta', 'UTC-4', 'us', 75000, '33В°45''20"N 84В°24''00"W'),
('Hard Rock Stadium', 'Miami (Miami Gardens)', 'UTC-4', 'us', 65000, '25В°57''29"N 80В°14''20"W'),
('BMO Field', 'Toronto', 'UTC-4', 'ca', 45000, '43В°38''0"N 79В°25''07"W'),
('Gillette Stadium', 'Boston (Foxborough)', 'UTC-4', 'us', 65000, '42.091В°N 71.264В°W'),
('Lincoln Financial Field', 'Philadelphia', 'UTC-4', 'us', 69000, '39В°54''3"N 75В°10''3"W'),
('MetLife Stadium', 'New York/New Jersey (East Rutherford)', 'UTC-4', 'us', 82500, '40В°48''48.7"N 74В°4''27.7"W') ON CONFLICT DO NOTHING;

INSERT INTO teams (name, name_normalised, fifa_code, flag_icon, group_name, continent, confed) VALUES
('2A', '2A', '2A', 'рџЏіпёЏ', 'Placeholder', 'Unknown', 'Unknown'),
('2B', '2B', '2B', 'рџЏіпёЏ', 'Placeholder', 'Unknown', 'Unknown'),
('1E', '1E', '1E', 'рџЏіпёЏ', 'Placeholder', 'Unknown', 'Unknown'),
('3A/B/C/D/F', '3A/B/C/D/F', '3A/B/C/D/F', 'рџЏіпёЏ', 'Placeholder', 'Unknown', 'Unknown'),
('1F', '1F', '1F', 'рџЏіпёЏ', 'Placeholder', 'Unknown', 'Unknown'),
('2C', '2C', '2C', 'рџЏіпёЏ', 'Placeholder', 'Unknown', 'Unknown'),
('1C', '1C', '1C', 'рџЏіпёЏ', 'Placeholder', 'Unknown', 'Unknown'),
('2F', '2F', '2F', 'рџЏіпёЏ', 'Placeholder', 'Unknown', 'Unknown'),
('1I', '1I', '1I', 'рџЏіпёЏ', 'Placeholder', 'Unknown', 'Unknown'),
('3C/D/F/G/H', '3C/D/F/G/H', '3C/D/F/G/H', 'рџЏіпёЏ', 'Placeholder', 'Unknown', 'Unknown'),
('2E', '2E', '2E', 'рџЏіпёЏ', 'Placeholder', 'Unknown', 'Unknown'),
('2I', '2I', '2I', 'рџЏіпёЏ', 'Placeholder', 'Unknown', 'Unknown'),
('1A', '1A', '1A', 'рџЏіпёЏ', 'Placeholder', 'Unknown', 'Unknown'),
('3C/E/F/H/I', '3C/E/F/H/I', '3C/E/F/H/I', 'рџЏіпёЏ', 'Placeholder', 'Unknown', 'Unknown'),
('1L', '1L', '1L', 'рџЏіпёЏ', 'Placeholder', 'Unknown', 'Unknown'),
('3E/H/I/J/K', '3E/H/I/J/K', '3E/H/I/J/K', 'рџЏіпёЏ', 'Placeholder', 'Unknown', 'Unknown'),
('1D', '1D', '1D', 'рџЏіпёЏ', 'Placeholder', 'Unknown', 'Unknown'),
('3B/E/F/I/J', '3B/E/F/I/J', '3B/E/F/I/J', 'рџЏіпёЏ', 'Placeholder', 'Unknown', 'Unknown'),
('1G', '1G', '1G', 'рџЏіпёЏ', 'Placeholder', 'Unknown', 'Unknown'),
('3A/E/H/I/J', '3A/E/H/I/J', '3A/E/H/I/J', 'рџЏіпёЏ', 'Placeholder', 'Unknown', 'Unknown'),
('2K', '2K', '2K', 'рџЏіпёЏ', 'Placeholder', 'Unknown', 'Unknown'),
('2L', '2L', '2L', 'рџЏіпёЏ', 'Placeholder', 'Unknown', 'Unknown'),
('1H', '1H', '1H', 'рџЏіпёЏ', 'Placeholder', 'Unknown', 'Unknown'),
('2J', '2J', '2J', 'рџЏіпёЏ', 'Placeholder', 'Unknown', 'Unknown'),
('1B', '1B', '1B', 'рџЏіпёЏ', 'Placeholder', 'Unknown', 'Unknown'),
('3E/F/G/I/J', '3E/F/G/I/J', '3E/F/G/I/J', 'рџЏіпёЏ', 'Placeholder', 'Unknown', 'Unknown'),
('1J', '1J', '1J', 'рџЏіпёЏ', 'Placeholder', 'Unknown', 'Unknown'),
('2H', '2H', '2H', 'рџЏіпёЏ', 'Placeholder', 'Unknown', 'Unknown'),
('1K', '1K', '1K', 'рџЏіпёЏ', 'Placeholder', 'Unknown', 'Unknown'),
('3D/E/I/J/L', '3D/E/I/J/L', '3D/E/I/J/L', 'рџЏіпёЏ', 'Placeholder', 'Unknown', 'Unknown'),
('2D', '2D', '2D', 'рџЏіпёЏ', 'Placeholder', 'Unknown', 'Unknown'),
('2G', '2G', '2G', 'рџЏіпёЏ', 'Placeholder', 'Unknown', 'Unknown'),
('W74', 'W74', 'W74', 'рџЏіпёЏ', 'Placeholder', 'Unknown', 'Unknown'),
('W77', 'W77', 'W77', 'рџЏіпёЏ', 'Placeholder', 'Unknown', 'Unknown'),
('W73', 'W73', 'W73', 'рџЏіпёЏ', 'Placeholder', 'Unknown', 'Unknown'),
('W75', 'W75', 'W75', 'рџЏіпёЏ', 'Placeholder', 'Unknown', 'Unknown'),
('W76', 'W76', 'W76', 'рџЏіпёЏ', 'Placeholder', 'Unknown', 'Unknown'),
('W78', 'W78', 'W78', 'рџЏіпёЏ', 'Placeholder', 'Unknown', 'Unknown'),
('W79', 'W79', 'W79', 'рџЏіпёЏ', 'Placeholder', 'Unknown', 'Unknown'),
('W80', 'W80', 'W80', 'рџЏіпёЏ', 'Placeholder', 'Unknown', 'Unknown'),
('W83', 'W83', 'W83', 'рџЏіпёЏ', 'Placeholder', 'Unknown', 'Unknown'),
('W84', 'W84', 'W84', 'рџЏіпёЏ', 'Placeholder', 'Unknown', 'Unknown'),
('W81', 'W81', 'W81', 'рџЏіпёЏ', 'Placeholder', 'Unknown', 'Unknown'),
('W82', 'W82', 'W82', 'рџЏіпёЏ', 'Placeholder', 'Unknown', 'Unknown'),
('W86', 'W86', 'W86', 'рџЏіпёЏ', 'Placeholder', 'Unknown', 'Unknown'),
('W88', 'W88', 'W88', 'рџЏіпёЏ', 'Placeholder', 'Unknown', 'Unknown'),
('W85', 'W85', 'W85', 'рџЏіпёЏ', 'Placeholder', 'Unknown', 'Unknown'),
('W87', 'W87', 'W87', 'рџЏіпёЏ', 'Placeholder', 'Unknown', 'Unknown'),
('W89', 'W89', 'W89', 'рџЏіпёЏ', 'Placeholder', 'Unknown', 'Unknown'),
('W90', 'W90', 'W90', 'рџЏіпёЏ', 'Placeholder', 'Unknown', 'Unknown'),
('W93', 'W93', 'W93', 'рџЏіпёЏ', 'Placeholder', 'Unknown', 'Unknown'),
('W94', 'W94', 'W94', 'рџЏіпёЏ', 'Placeholder', 'Unknown', 'Unknown'),
('W91', 'W91', 'W91', 'рџЏіпёЏ', 'Placeholder', 'Unknown', 'Unknown'),
('W92', 'W92', 'W92', 'рџЏіпёЏ', 'Placeholder', 'Unknown', 'Unknown'),
('W95', 'W95', 'W95', 'рџЏіпёЏ', 'Placeholder', 'Unknown', 'Unknown'),
('W96', 'W96', 'W96', 'рџЏіпёЏ', 'Placeholder', 'Unknown', 'Unknown'),
('W97', 'W97', 'W97', 'рџЏіпёЏ', 'Placeholder', 'Unknown', 'Unknown'),
('W98', 'W98', 'W98', 'рџЏіпёЏ', 'Placeholder', 'Unknown', 'Unknown'),
('W99', 'W99', 'W99', 'рџЏіпёЏ', 'Placeholder', 'Unknown', 'Unknown'),
('W100', 'W100', 'W100', 'рџЏіпёЏ', 'Placeholder', 'Unknown', 'Unknown'),
('L101', 'L101', 'L101', 'рџЏіпёЏ', 'Placeholder', 'Unknown', 'Unknown'),
('L102', 'L102', 'L102', 'рџЏіпёЏ', 'Placeholder', 'Unknown', 'Unknown'),
('W101', 'W101', 'W101', 'рџЏіпёЏ', 'Placeholder', 'Unknown', 'Unknown'),
('W102', 'W102', 'W102', 'рџЏіпёЏ', 'Placeholder', 'Unknown', 'Unknown') ON CONFLICT DO NOTHING;

INSERT INTO matches (id, round, date, time_str, kickoff_utc, team1_name, team2_name, status, ground) VALUES
(1, 'Matchday 1', '2026-06-11', '13:00 UTC-6', 1781204400000, 'Mexico', 'South Africa', 'SCHEDULED', 'Estadio Azteca'),
(2, 'Matchday 1', '2026-06-11', '20:00 UTC-6', 1781229600000, 'South Korea', 'Czech Republic', 'SCHEDULED', 'Estadio Akron'),
(3, 'Matchday 8', '2026-06-18', '12:00 UTC-4', 1781798400000, 'Czech Republic', 'South Africa', 'SCHEDULED', 'Mercedes-Benz Stadium'),
(4, 'Matchday 8', '2026-06-18', '19:00 UTC-6', 1781830800000, 'Mexico', 'South Korea', 'SCHEDULED', 'Estadio Akron'),
(5, 'Matchday 14', '2026-06-24', '19:00 UTC-6', 1782349200000, 'Czech Republic', 'Mexico', 'SCHEDULED', 'Estadio Azteca'),
(6, 'Matchday 14', '2026-06-24', '19:00 UTC-6', 1782349200000, 'South Africa', 'South Korea', 'SCHEDULED', 'Estadio BBVA'),
(7, 'Matchday 2', '2026-06-12', '15:00 UTC-4', 1781290800000, 'Canada', 'Bosnia & Herzegovina', 'SCHEDULED', 'BMO Field'),
(8, 'Matchday 3', '2026-06-13', '12:00 UTC-7', 1781377200000, 'Qatar', 'Switzerland', 'SCHEDULED', 'Levi''s Stadium'),
(9, 'Matchday 8', '2026-06-18', '12:00 UTC-7', 1781809200000, 'Switzerland', 'Bosnia & Herzegovina', 'SCHEDULED', 'SoFi Stadium'),
(10, 'Matchday 8', '2026-06-18', '15:00 UTC-7', 1781820000000, 'Canada', 'Qatar', 'SCHEDULED', 'BC Place'),
(11, 'Matchday 14', '2026-06-24', '12:00 UTC-7', 1782327600000, 'Switzerland', 'Canada', 'SCHEDULED', 'BC Place'),
(12, 'Matchday 14', '2026-06-24', '12:00 UTC-7', 1782327600000, 'Bosnia & Herzegovina', 'Qatar', 'SCHEDULED', 'Lumen Field'),
(13, 'Matchday 3', '2026-06-13', '18:00 UTC-4', 1781388000000, 'Brazil', 'Morocco', 'SCHEDULED', 'MetLife Stadium'),
(14, 'Matchday 3', '2026-06-13', '21:00 UTC-4', 1781398800000, 'Haiti', 'Scotland', 'SCHEDULED', 'Gillette Stadium'),
(15, 'Matchday 9', '2026-06-19', '18:00 UTC-4', 1781906400000, 'Scotland', 'Morocco', 'SCHEDULED', 'Gillette Stadium'),
(16, 'Matchday 9', '2026-06-19', '20:30 UTC-4', 1781915400000, 'Brazil', 'Haiti', 'SCHEDULED', 'Lincoln Financial Field'),
(17, 'Matchday 14', '2026-06-24', '18:00 UTC-4', 1782338400000, 'Scotland', 'Brazil', 'SCHEDULED', 'Hard Rock Stadium'),
(18, 'Matchday 14', '2026-06-24', '18:00 UTC-4', 1782338400000, 'Morocco', 'Haiti', 'SCHEDULED', 'Mercedes-Benz Stadium'),
(19, 'Matchday 2', '2026-06-12', '18:00 UTC-7', 1781312400000, 'USA', 'Paraguay', 'SCHEDULED', 'SoFi Stadium'),
(20, 'Matchday 3', '2026-06-13', '21:00 UTC-7', 1781409600000, 'Australia', 'Turkey', 'SCHEDULED', 'BC Place'),
(21, 'Matchday 9', '2026-06-19', '12:00 UTC-7', 1781895600000, 'USA', 'Australia', 'SCHEDULED', 'Lumen Field'),
(22, 'Matchday 9', '2026-06-19', '20:00 UTC-7', 1781924400000, 'Turkey', 'Paraguay', 'SCHEDULED', 'Levi''s Stadium'),
(23, 'Matchday 15', '2026-06-25', '19:00 UTC-7', 1782439200000, 'Turkey', 'USA', 'SCHEDULED', 'SoFi Stadium'),
(24, 'Matchday 15', '2026-06-25', '19:00 UTC-7', 1782439200000, 'Paraguay', 'Australia', 'SCHEDULED', 'Levi''s Stadium'),
(25, 'Matchday 4', '2026-06-14', '12:00 UTC-5', 1781456400000, 'Germany', 'CuraГ§ao', 'SCHEDULED', 'NRG Stadium'),
(26, 'Matchday 4', '2026-06-14', '19:00 UTC-4', 1781478000000, 'Ivory Coast', 'Ecuador', 'SCHEDULED', 'Lincoln Financial Field'),
(27, 'Matchday 10', '2026-06-20', '16:00 UTC-4', 1781985600000, 'Germany', 'Ivory Coast', 'SCHEDULED', 'BMO Field'),
(28, 'Matchday 10', '2026-06-20', '19:00 UTC-5', 1782000000000, 'Ecuador', 'CuraГ§ao', 'SCHEDULED', 'Arrowhead Stadium'),
(29, 'Matchday 15', '2026-06-25', '16:00 UTC-4', 1782417600000, 'CuraГ§ao', 'Ivory Coast', 'SCHEDULED', 'Lincoln Financial Field'),
(30, 'Matchday 15', '2026-06-25', '16:00 UTC-4', 1782417600000, 'Ecuador', 'Germany', 'SCHEDULED', 'MetLife Stadium'),
(31, 'Matchday 4', '2026-06-14', '15:00 UTC-5', 1781467200000, 'Netherlands', 'Japan', 'SCHEDULED', 'AT&T Stadium'),
(32, 'Matchday 4', '2026-06-14', '20:00 UTC-6', 1781488800000, 'Sweden', 'Tunisia', 'SCHEDULED', 'Estadio BBVA'),
(33, 'Matchday 10', '2026-06-20', '12:00 UTC-5', 1781974800000, 'Netherlands', 'Sweden', 'SCHEDULED', 'NRG Stadium'),
(34, 'Matchday 10', '2026-06-20', '22:00 UTC-6', 1782014400000, 'Tunisia', 'Japan', 'SCHEDULED', 'Estadio BBVA'),
(35, 'Matchday 15', '2026-06-25', '18:00 UTC-5', 1782428400000, 'Japan', 'Sweden', 'SCHEDULED', 'AT&T Stadium'),
(36, 'Matchday 15', '2026-06-25', '18:00 UTC-5', 1782428400000, 'Tunisia', 'Netherlands', 'SCHEDULED', 'Arrowhead Stadium'),
(37, 'Matchday 5', '2026-06-15', '12:00 UTC-7', 1781550000000, 'Belgium', 'Egypt', 'SCHEDULED', 'Lumen Field'),
(38, 'Matchday 5', '2026-06-15', '18:00 UTC-7', 1781571600000, 'Iran', 'New Zealand', 'SCHEDULED', 'SoFi Stadium'),
(39, 'Matchday 11', '2026-06-21', '12:00 UTC-7', 1782068400000, 'Belgium', 'Iran', 'SCHEDULED', 'SoFi Stadium'),
(40, 'Matchday 11', '2026-06-21', '18:00 UTC-7', 1782090000000, 'New Zealand', 'Egypt', 'SCHEDULED', 'BC Place'),
(41, 'Matchday 16', '2026-06-26', '20:00 UTC-7', 1782529200000, 'Egypt', 'Iran', 'SCHEDULED', 'Lumen Field'),
(42, 'Matchday 16', '2026-06-26', '20:00 UTC-7', 1782529200000, 'New Zealand', 'Belgium', 'SCHEDULED', 'BC Place'),
(43, 'Matchday 5', '2026-06-15', '12:00 UTC-4', 1781539200000, 'Spain', 'Cape Verde', 'SCHEDULED', 'Mercedes-Benz Stadium'),
(44, 'Matchday 5', '2026-06-15', '18:00 UTC-4', 1781560800000, 'Saudi Arabia', 'Uruguay', 'SCHEDULED', 'Hard Rock Stadium'),
(45, 'Matchday 11', '2026-06-21', '12:00 UTC-4', 1782057600000, 'Spain', 'Saudi Arabia', 'SCHEDULED', 'Mercedes-Benz Stadium'),
(46, 'Matchday 11', '2026-06-21', '18:00 UTC-4', 1782079200000, 'Uruguay', 'Cape Verde', 'SCHEDULED', 'Hard Rock Stadium'),
(47, 'Matchday 16', '2026-06-26', '19:00 UTC-5', 1782518400000, 'Cape Verde', 'Saudi Arabia', 'SCHEDULED', 'NRG Stadium'),
(48, 'Matchday 16', '2026-06-26', '18:00 UTC-6', 1782518400000, 'Uruguay', 'Spain', 'SCHEDULED', 'Estadio Akron'),
(49, 'Matchday 6', '2026-06-16', '15:00 UTC-4', 1781636400000, 'France', 'Senegal', 'SCHEDULED', 'MetLife Stadium'),
(50, 'Matchday 6', '2026-06-16', '18:00 UTC-4', 1781647200000, 'Iraq', 'Norway', 'SCHEDULED', 'Gillette Stadium'),
(51, 'Matchday 12', '2026-06-22', '17:00 UTC-4', 1782162000000, 'France', 'Iraq', 'SCHEDULED', 'Lincoln Financial Field'),
(52, 'Matchday 12', '2026-06-22', '20:00 UTC-4', 1782172800000, 'Norway', 'Senegal', 'SCHEDULED', 'MetLife Stadium'),
(53, 'Matchday 16', '2026-06-26', '15:00 UTC-4', 1782500400000, 'Norway', 'France', 'SCHEDULED', 'Gillette Stadium'),
(54, 'Matchday 16', '2026-06-26', '15:00 UTC-4', 1782500400000, 'Senegal', 'Iraq', 'SCHEDULED', 'BMO Field'),
(55, 'Matchday 6', '2026-06-16', '20:00 UTC-5', 1781658000000, 'Argentina', 'Algeria', 'SCHEDULED', 'Arrowhead Stadium'),
(56, 'Matchday 6', '2026-06-16', '21:00 UTC-7', 1781668800000, 'Austria', 'Jordan', 'SCHEDULED', 'Levi''s Stadium'),
(57, 'Matchday 12', '2026-06-22', '12:00 UTC-5', 1782147600000, 'Argentina', 'Austria', 'SCHEDULED', 'AT&T Stadium'),
(58, 'Matchday 12', '2026-06-22', '20:00 UTC-7', 1782183600000, 'Jordan', 'Algeria', 'SCHEDULED', 'Levi''s Stadium'),
(59, 'Matchday 17', '2026-06-27', '21:00 UTC-5', 1782612000000, 'Algeria', 'Austria', 'SCHEDULED', 'Arrowhead Stadium'),
(60, 'Matchday 17', '2026-06-27', '21:00 UTC-5', 1782612000000, 'Jordan', 'Argentina', 'SCHEDULED', 'AT&T Stadium'),
(61, 'Matchday 7', '2026-06-17', '12:00 UTC-5', 1781715600000, 'Portugal', 'DR Congo', 'SCHEDULED', 'NRG Stadium'),
(62, 'Matchday 7', '2026-06-17', '20:00 UTC-6', 1781748000000, 'Uzbekistan', 'Colombia', 'SCHEDULED', 'Estadio Azteca'),
(63, 'Matchday 13', '2026-06-23', '12:00 UTC-5', 1782234000000, 'Portugal', 'Uzbekistan', 'SCHEDULED', 'NRG Stadium'),
(64, 'Matchday 13', '2026-06-23', '20:00 UTC-6', 1782266400000, 'Colombia', 'DR Congo', 'SCHEDULED', 'Estadio Akron'),
(65, 'Matchday 17', '2026-06-27', '19:30 UTC-4', 1782603000000, 'Colombia', 'Portugal', 'SCHEDULED', 'Hard Rock Stadium'),
(66, 'Matchday 17', '2026-06-27', '19:30 UTC-4', 1782603000000, 'DR Congo', 'Uzbekistan', 'SCHEDULED', 'Mercedes-Benz Stadium'),
(67, 'Matchday 7', '2026-06-17', '15:00 UTC-5', 1781726400000, 'England', 'Croatia', 'SCHEDULED', 'AT&T Stadium'),
(68, 'Matchday 7', '2026-06-17', '19:00 UTC-4', 1781737200000, 'Ghana', 'Panama', 'SCHEDULED', 'BMO Field'),
(69, 'Matchday 13', '2026-06-23', '16:00 UTC-4', 1782244800000, 'England', 'Ghana', 'SCHEDULED', 'Gillette Stadium'),
(70, 'Matchday 13', '2026-06-23', '19:00 UTC-4', 1782255600000, 'Panama', 'Croatia', 'SCHEDULED', 'BMO Field'),
(71, 'Matchday 17', '2026-06-27', '17:00 UTC-4', 1782594000000, 'Panama', 'England', 'SCHEDULED', 'MetLife Stadium'),
(72, 'Matchday 17', '2026-06-27', '17:00 UTC-4', 1782594000000, 'Croatia', 'Ghana', 'SCHEDULED', 'Lincoln Financial Field'),
(73, 'Round of 32', '2026-06-28', '12:00 UTC-7', 1782673200000, '2A', '2B', 'SCHEDULED', 'SoFi Stadium'),
(74, 'Round of 32', '2026-06-29', '16:30 UTC-4', 1782765000000, '1E', '3A/B/C/D/F', 'SCHEDULED', 'Gillette Stadium'),
(75, 'Round of 32', '2026-06-29', '19:00 UTC-6', 1782781200000, '1F', '2C', 'SCHEDULED', 'Estadio BBVA'),
(76, 'Round of 32', '2026-06-29', '12:00 UTC-5', 1782752400000, '1C', '2F', 'SCHEDULED', 'NRG Stadium'),
(77, 'Round of 32', '2026-06-30', '17:00 UTC-4', 1782853200000, '1I', '3C/D/F/G/H', 'SCHEDULED', 'MetLife Stadium'),
(78, 'Round of 32', '2026-06-30', '12:00 UTC-5', 1782838800000, '2E', '2I', 'SCHEDULED', 'AT&T Stadium'),
(79, 'Round of 32', '2026-06-30', '19:00 UTC-6', 1782867600000, '1A', '3C/E/F/H/I', 'SCHEDULED', 'Estadio Azteca'),
(80, 'Round of 32', '2026-07-01', '12:00 UTC-4', 1782921600000, '1L', '3E/H/I/J/K', 'SCHEDULED', 'Mercedes-Benz Stadium'),
(81, 'Round of 32', '2026-07-01', '17:00 UTC-7', 1782950400000, '1D', '3B/E/F/I/J', 'SCHEDULED', 'Levi''s Stadium'),
(82, 'Round of 32', '2026-07-01', '13:00 UTC-7', 1782936000000, '1G', '3A/E/H/I/J', 'SCHEDULED', 'Lumen Field'),
(83, 'Round of 32', '2026-07-02', '19:00 UTC-4', 1783033200000, '2K', '2L', 'SCHEDULED', 'BMO Field'),
(84, 'Round of 32', '2026-07-02', '12:00 UTC-7', 1783018800000, '1H', '2J', 'SCHEDULED', 'SoFi Stadium'),
(85, 'Round of 32', '2026-07-02', '20:00 UTC-7', 1783047600000, '1B', '3E/F/G/I/J', 'SCHEDULED', 'BC Place'),
(86, 'Round of 32', '2026-07-03', '18:00 UTC-4', 1783116000000, '1J', '2H', 'SCHEDULED', 'Hard Rock Stadium'),
(87, 'Round of 32', '2026-07-03', '20:30 UTC-5', 1783128600000, '1K', '3D/E/I/J/L', 'SCHEDULED', 'Arrowhead Stadium'),
(88, 'Round of 32', '2026-07-03', '13:00 UTC-5', 1783101600000, '2D', '2G', 'SCHEDULED', 'AT&T Stadium'),
(89, 'Round of 16', '2026-07-04', '17:00 UTC-4', 1783198800000, 'W74', 'W77', 'SCHEDULED', 'Lincoln Financial Field'),
(90, 'Round of 16', '2026-07-04', '12:00 UTC-5', 1783184400000, 'W73', 'W75', 'SCHEDULED', 'NRG Stadium'),
(91, 'Round of 16', '2026-07-05', '16:00 UTC-4', 1783281600000, 'W76', 'W78', 'SCHEDULED', 'MetLife Stadium'),
(92, 'Round of 16', '2026-07-05', '18:00 UTC-6', 1783296000000, 'W79', 'W80', 'SCHEDULED', 'Estadio Azteca'),
(93, 'Round of 16', '2026-07-06', '14:00 UTC-5', 1783364400000, 'W83', 'W84', 'SCHEDULED', 'AT&T Stadium'),
(94, 'Round of 16', '2026-07-06', '17:00 UTC-7', 1783382400000, 'W81', 'W82', 'SCHEDULED', 'Lumen Field'),
(95, 'Round of 16', '2026-07-07', '12:00 UTC-4', 1783440000000, 'W86', 'W88', 'SCHEDULED', 'Mercedes-Benz Stadium'),
(96, 'Round of 16', '2026-07-07', '13:00 UTC-7', 1783454400000, 'W85', 'W87', 'SCHEDULED', 'BC Place'),
(97, 'Quarter-final', '2026-07-09', '16:00 UTC-4', 1783627200000, 'W89', 'W90', 'SCHEDULED', 'Gillette Stadium'),
(98, 'Quarter-final', '2026-07-10', '12:00 UTC-7', 1783710000000, 'W93', 'W94', 'SCHEDULED', 'SoFi Stadium'),
(99, 'Quarter-final', '2026-07-11', '17:00 UTC-4', 1783803600000, 'W91', 'W92', 'SCHEDULED', 'Hard Rock Stadium'),
(100, 'Quarter-final', '2026-07-11', '20:00 UTC-5', 1783818000000, 'W95', 'W96', 'SCHEDULED', 'Arrowhead Stadium'),
(101, 'Semi-final', '2026-07-14', '14:00 UTC-5', 1784055600000, 'W97', 'W98', 'SCHEDULED', 'AT&T Stadium'),
(102, 'Semi-final', '2026-07-15', '15:00 UTC-4', 1784142000000, 'W99', 'W100', 'SCHEDULED', 'Mercedes-Benz Stadium'),
(103, 'Match for third place', '2026-07-18', '17:00 UTC-4', 1784408400000, 'L101', 'L102', 'SCHEDULED', 'Hard Rock Stadium'),
(104, 'Final', '2026-07-19', '15:00 UTC-4', 1784487600000, 'W101', 'W102', 'SCHEDULED', 'MetLife Stadium') ON CONFLICT DO NOTHING;

